acquisition_assumption	1	id	integer
acquisition_assumption	2	label	text
acquisition_assumption	3	offer_to_permit	integer
acquisition_assumption	4	horizontal_construction	integer
acquisition_assumption	5	vertical_construction	integer
acquisition_assumption	6	list_to_coe	integer
acquisition_sale_date	1	id	integer
acquisition_sale_date	2	sale_date	timestamp with time zone
acquisition_sale_date	3	property_id	integer
acquisition_sale_date	4	offer_accepted_date	timestamp with time zone
acquisition_target	1	id	integer
acquisition_target	2	sale_date_goal	timestamp with time zone
alembic_version	1	version_num	character varying
algorithm	1	id	bigint
algorithm	2	name	text
algorithm	3	version	text
assigned_school	1	property_id	bigint
assigned_school	2	geo_id	text
assigned_school	3	name	text
assigned_school	4	min_assigned_grade	text
assigned_school	5	max_assigned_grade	text
assigned_school	6	distance	numeric
attom_boundary	1	geo_id	text
attom_boundary	2	origin_type	text
attom_boundary	3	latitude	numeric
attom_boundary	4	longitude	numeric
attom_boundary	5	center_point	USER-DEFINED
attom_boundary	6	perimeter	USER-DEFINED
attom_boundary	7	origin_json	jsonb
attom_boundary	8	name	text
city	1	id	bigint
city	2	name	text
city	3	state	text
city	4	county	text
configuration_option	1	id	bigint
configuration_option	2	configuration_option_type_id	bigint
configuration_option	3	name	text
configuration_option	4	bom_filter_name	text
configuration_option_shop_drawing_part	1	id	bigint
configuration_option_shop_drawing_part	2	configuration_option_id	bigint
configuration_option_shop_drawing_part	3	item_key	text
configuration_option_shop_drawing_part	4	generic_item_id	bigint
configuration_option_shop_drawing_part	5	item_id	bigint
configuration_option_type	1	id	bigint
configuration_option_type	2	name	text
configuration_option_type	3	scope	text
configuration_option_type	4	project_product_config_name	text
csi_code	1	id	bigint
csi_code	2	netsuite_id	bigint
csi_code	3	combined_name	text
csi_code	4	phase_id	bigint
expense	1	id	bigint
expense	2	netsuite_expense_type_id	bigint
expense	3	netsuite_id	bigint
expense	4	netsuite_line_id	bigint
expense	5	project_id	bigint
expense	7	name	text
expense	8	description	text
expense	9	task_id	bigint
expense	10	csi_code_id	bigint
expense	11	date	date
expense	12	status	text
expense	13	amount	numeric
expense	14	vendor_id	bigint
expense	15	netsuite_line_type_id	bigint
expense	16	item_id	bigint
expense	17	item_quantity	numeric
field_change_history	1	id	bigint
field_change_history	2	property_id	bigint
field_change_history	3	timestamp	timestamp with time zone
field_change_history	4	scout_id	text
file_parsing_state	1	id	bigint
file_parsing_state	2	file_name	text
file_parsing_state	3	parsed	boolean
file_parsing_state	4	num_sub_files	integer
foundation_type	1	id	bigint
foundation_type	2	name	text
geography_columns	1	f_table_catalog	name
geography_columns	2	f_table_schema	name
geography_columns	3	f_table_name	name
geography_columns	4	f_geography_column	name
geography_columns	5	coord_dimension	integer
geography_columns	6	srid	integer
geography_columns	7	type	text
geometry_columns	1	f_table_catalog	character varying
geometry_columns	2	f_table_schema	name
geometry_columns	3	f_table_name	name
geometry_columns	4	f_geometry_column	name
geometry_columns	5	coord_dimension	integer
geometry_columns	6	srid	integer
geometry_columns	7	type	character varying
home_product	1	id	bigint
home_product	2	aro_id	text
home_product	3	name	text
home_product_version_options	1	id	bigint
home_product_version_options	2	home_product_id	bigint
home_product_version_options	3	product_version_id	bigint
item	1	id	bigint
item	2	netsuite_id	bigint
item	3	aro_id	text
item	4	name	text
item	5	description	text
item	6	csi_code_id	bigint
item	7	stage	text
item	8	unit_id	bigint
item	9	preferred_vendor_id	bigint
item	10	is_assembly	boolean
lot_requirements	1	id	bigint
lot_requirements	2	home_product_id	bigint
lot_requirements	3	product_zone_id	bigint
lot_requirements	4	min_width_ft	numeric
lot_requirements	5	min_depth_ft	numeric
lot_requirements	6	min_lot_sf	numeric
mls_history	1	id	bigint
mls_history	2	property_id	bigint
mls_history	3	mls_listing_id	text
mls_history	5	listing_price	numeric
mls_history	6	public_listing_remarks	text
mls_history	7	listing_status	text
mls_history	8	listing_date	timestamp with time zone
mls_history	9	last_modified_date	timestamp with time zone
mls_history	10	sold_date	timestamp with time zone
mls_history	11	sold_price	numeric
mls_history	12	legal_description	text
mls_history	13	days_on_market	integer
mls_history	14	property_sub_type	text
mls_history	15	property_use_standardized	text
mls_history	16	parking_features	text
mls_history	17	garage_spaces	integer
mls_history	18	carport_spaces	integer
mls_history	19	living_sq_ft	integer
mls_history	20	bedrooms_total	integer
mls_history	21	bathrooms_full	integer
mls_history	22	bathrooms_half	integer
mls_history	23	rooms_total	integer
mls_history	25	basement_total_sq_ft	integer
mls_history	26	basement_features	text
mls_history	27	year_built	integer
mls_history	28	origin_file	text
mls_history	29	mls_transaction_id	bigint
mls_history	30	apn	text
mls_history	31	market_value	numeric
mls_history	32	mls_property_sub_type	text
mls_history_parsing_state	1	id	bigint
mls_history_parsing_state	2	mls_transaction_id	bigint
mls_history_parsing_state	3	client_name	text
netsuite_expense_type	1	id	bigint
netsuite_expense_type	2	name	text
netsuite_line_type	1	id	bigint
netsuite_line_type	2	name	text
nta_version	1	id	bigint
nta_version	2	home_product_id	bigint
nta_version	3	name	text
person	1	id	bigint
person	2	cognito_id	text
person	3	primavera_id	bigint
person	4	netsuite_id	bigint
person	5	vendor_id	bigint
person	6	given_name	text
person	7	family_name	text
person	8	profile	text
person	9	email	text
phase	1	id	bigint
phase	2	name	text
primavera_task_type	1	id	bigint
primavera_task_type	2	name	text
product_configuration_scheme	1	id	bigint
product_configuration_scheme	2	product_version_id	bigint
product_configuration_scheme	3	configuration_option_id	bigint
product_version	1	id	bigint
product_version	2	name	text
product_version	3	is_active	boolean
product_zone	1	id	bigint
product_zone	2	name	text
product_zone	3	city_id	bigint
product_zone	4	county	text
product_zone	5	is_unincorporated	boolean
project	1	id	bigint
project	2	netsuite_id	bigint
project	3	aro_id	text
project	4	alt_name	text
project	5	property_id	bigint
project	6	primavera_program_id	bigint
project	7	ss_buyout_id	text
project	8	ss_reporting_id	text
project	9	ss_punch_id	text
project	10	home_product_id	bigint
project	11	nta_version_id	bigint
project	12	serial_number	text
project	13	status	bigint
project	14	product_version_id	bigint
project	15	archive	boolean
project_details	1	project_id	bigint
project_details	2	foundation_type_id	bigint
project_details	3	development_manager_id	bigint
project_details	4	reuse_existing_water_meter	boolean
project_details	5	existing_water_meter_id	bigint
project_details	6	new_water_meter_id	bigint
project_details	7	notes	text
project_details	8	civil_engineer_id	bigint
project_details	9	geotechnical_engineer_id	bigint
project_details	10	surveyor_id	bigint
project_details	11	landscape_architect_id	bigint
project_details	12	arborist_id	bigint
project_details	13	structural_engineer_id	bigint
project_details	14	architect_id	bigint
project_details	15	fire_protection_id	bigint
project_manufacturing	1	project_id	bigint
project_manufacturing	2	comments	text
project_manufacturing	3	draft_serial_number	text
project_manufacturing	4	bom_revision_number	text
project_manufacturing	5	design_release_id	bigint
project_manufacturing	6	manufacturing_start_id	bigint
project_manufacturing	7	ship_mods_id	bigint
project_manufacturing	8	ship_field_kit_1_id	bigint
project_manufacturing	9	ship_field_kit_2_id	bigint
project_manufacturing	10	ship_field_kit_3_id	bigint
project_manufacturing	11	ship_field_kit_4_id	bigint
project_manufacturing	12	material_return_id	bigint
project_manufacturing	13	nta_submission_id	bigint
project_manufacturing	14	submit_building_permit_id	bigint
project_manufacturing	15	demo_start_id	bigint
project_manufacturing	16	mod_set_id	bigint
project_manufacturing	17	interior_punch_id	bigint
project_manufacturing	18	staging_id	bigint
project_manufacturing	19	certificate_of_occupancy_id	bigint
project_manufacturing	20	foundation_fid_id	bigint
project_manufacturing	21	hers_rater_id	bigint
project_product_configuration	1	project_id	bigint
project_product_configuration	3	foundation_option_id	bigint
project_product_configuration	4	siding_color_option_id	bigint
project_product_configuration	5	roof_option_id	bigint
project_product_configuration	6	deck_option_id	bigint
project_product_configuration	7	deck_riser_option_id	bigint
project_product_configuration	8	existing_water_meter_id	bigint
project_product_configuration	9	new_water_meter_id	bigint
project_product_configuration	10	reuse_existing_sewer_lateral_id	bigint
project_product_configuration	11	backflow_prevention_id	bigint
project_site_configuration	1	project_id	bigint
project_status_type	1	id	bigint
project_status_type	2	name	text
property	1	id	bigint
property	2	tax_id	bigint
property	3	apn	text
property	4	last_update	timestamp with time zone
property	5	external_update	timestamp with time zone
property_address	1	property_id	bigint
property_address	2	neighborhood_code	text
property_address	3	neighborhood_name	text
property_address	4	zip_code	text
property_address	5	zip_4_code	text
property_address	6	house_number	text
property_address	7	street_id	bigint
property_address	8	unit_prefix	text
property_address	9	unit_value	text
property_address	10	has_streetview_image	boolean
property_attom	1	property_id	bigint
property_attom	2	attom_id	bigint
property_attom	4	parcel_geo_id	text
property_avm	1	property_id	bigint
property_avm	3	estimated_value	numeric
property_avm	4	estimated_min_value	numeric
property_avm	5	estimated_max_value	numeric
property_avm	6	confidence_score	numeric
property_avm	7	fsd	numeric
property_avm	8	estimated_spread	numeric
property_avm	9	grade	integer
property_avm	10	inferred_estimated_value	numeric
property_avm	11	ah1_estimated_value	numeric
property_avm	12	inferred_ah1_estimated_value	numeric
property_feasibility	1	property_id	bigint
property_feasibility	2	has_asce_7_16	boolean
property_feasibility	3	asce_7_16_ss	numeric
property_feasibility	4	asce_7_16_json	jsonb
property_geometry	1	property_id	bigint
property_geometry	2	center_point	USER-DEFINED
property_geometry	3	perimeter	USER-DEFINED
property_geometry	4	perimeter_json	jsonb
property_geometry	5	vendor_lot_width_ft	numeric
property_geometry	6	vendor_lot_depth_ft	numeric
property_geometry	7	lot_size_sq_ft	numeric
property_geometry	8	inferred_lot_width_ft	numeric
property_geometry	9	inferred_lot_depth_ft	numeric
property_geometry	10	inferred_lot_size_sq_ft	numeric
property_geometry	11	has_gov_data	boolean
property_geometry	12	perimeter_gov	USER-DEFINED
property_geometry	13	perimeter_json_gov	jsonb
property_history	1	property_id	bigint
property_history	2	last_sale_date	date
property_history	3	last_sale_amount	numeric
property_hoa	1	property_id	bigint
property_hoa	2	has_hoa	boolean
property_hoa	3	name_1	text
property_hoa	4	company_name_1	text
property_hoa	5	name_2	text
property_hoa	6	company_name_2	text
property_hoa	7	name_3	text
property_hoa	8	company_name_3	text
property_hoa	9	name_4	text
property_hoa	10	company_name_4	text
property_mls	1	property_id	bigint
property_mls	2	listing_status	text
property_mls	3	last_mls_id	bigint
property_neighborhoods	1	property_id	bigint
property_neighborhoods	2	name	text
property_neighborhoods	3	geo_id	text
property_neighborhoods	4	sub_neighborhood_name	text
property_neighborhoods	5	sub_neighborhood_geo_id	text
property_neighborhoods	6	macro_neighborhood_name	text
property_neighborhoods	7	macro_neighborhood_geo_id	text
property_residential_subdivision	1	property_id	bigint
property_residential_subdivision	2	name	text
property_residential_subdivision	3	geo_id	text
property_school_district	1	property_id	bigint
property_school_district	2	name	text
property_school_district	3	geo_id	text
property_score	1	property_id	bigint
property_score	2	score_id	bigint
property_scout_fields	1	property_id	bigint
property_scout_fields	10	notes	text
property_scout_fields	14	starred	boolean
property_scout_fields	30	validation_fields	jsonb
property_scout_fields	31	site_layout_details	jsonb
property_scout_fields	32	validation_details	jsonb
property_scout_fields	33	status	bigint
property_scout_fields	34	source	bigint
property_scout_fields	35	manual_purchase_price	numeric
property_scout_fields	36	manual_sale_price	numeric
property_scout_fields	37	generic_data	jsonb
property_scout_fields	38	home_product_id	bigint
property_source_type	1	id	bigint
property_source_type	2	name	text
property_status_type	1	id	bigint
property_status_type	2	name	text
property_structure	1	property_id	bigint
property_structure	2	building_sq_ft	numeric
property_structure	3	gross_sq_ft	numeric
property_structure	4	floor_1_sq_ft	numeric
property_structure	5	floor_2_sq_ft	numeric
property_structure	6	year_built	integer
property_structure	7	inferred_building_sq_ft	numeric
property_zoning	1	property_id	bigint
property_zoning	2	zone_id	bigint
property_zoning	3	product_zone_id	bigint
property_zoning	4	is_unincorporated	boolean
score	1	id	bigint
score	2	property_id	bigint
score	3	estimated_score	numeric
score	5	algorithm_id	bigint
score	6	last_update	timestamp with time zone
spatial_ref_sys	1	srid	integer
spatial_ref_sys	2	auth_name	character varying
spatial_ref_sys	3	auth_srid	integer
spatial_ref_sys	4	srtext	character varying
spatial_ref_sys	5	proj4text	character varying
status_change_history	1	id	bigint
status_change_history	2	property_id	bigint
status_change_history	3	timestamp	timestamp with time zone
status_change_history	4	start_status_id	bigint
status_change_history	5	end_status_id	bigint
street	1	id	bigint
street	2	name	text
street	3	suffix	text
street	4	city_id	bigint
street	5	direction	text
street	6	post_direction	text
street	7	characteristic	text
street	8	max_speed	text
street	9	lanes	integer
street	10	has_osm_element	boolean
street_scout_fields	1	street_id	bigint
street_scout_fields	2	is_narrow_street	boolean
street_scout_fields	3	is_busy_street	boolean
street_scout_fields	4	is_unkempt_street	boolean
street_scout_fields	5	is_desirable_street	boolean
sub_file_parsing_state	1	id	bigint
sub_file_parsing_state	2	file_id	bigint
sub_file_parsing_state	3	parsed	boolean
sub_file_parsing_state	4	subfile_index	integer
sub_file_parsing_state	5	row_start	integer
sub_file_parsing_state	6	row_end	integer
supplemental_delivery	1	id	bigint
supplemental_delivery	2	project_id	bigint
supplemental_delivery	3	task_id	bigint
task	1	id	bigint
task	2	primavera_id	bigint
task	3	project_id	bigint
task	4	primavera_task_type_id	bigint
task	5	task_type_id	bigint
task	6	code	text
task	7	owner_id	bigint
task	8	name	text
task	9	description	text
task	10	alert_on_completion	boolean
task	11	alert_description	text
task	12	alert_recipient_list	text
task	13	is_flagged	boolean
task	14	start	date
task	16	is_complete	boolean
task	17	finish	date
task	18	is_overdue	boolean
task	19	link	text
task	20	note	text
task	21	jira_id	bigint
task	22	task_status_type_id	bigint
task_status_type	1	id	bigint
task_status_type	2	name	text
task_type	1	id	bigint
task_type	2	name	text
unit	1	id	bigint
unit	2	netsuite_id	bigint
unit	3	name	text
unit	4	abbreviation	text
vendor	1	id	bigint
vendor	2	netsuite_id	bigint
vendor	3	company_name	text
vendor	4	entity_name	text
vendor	5	legal_name	text
vendor	6	category	text
vendor	7	street_address	text
vendor	8	zip_code	text
vendor	9	city	text
vendor	10	state	text
vendor	11	primavera_id	bigint
vendor	12	country	text
water_meter_size	1	id	bigint
water_meter_size	2	name	text
zone	1	id	bigint
zone	2	name	text
zone	3	property_use_code	text